configuration,run,rollback_epoch,best_loss_before_rollback,loss_at_rollback,loss_next_epoch,improvement_next_epoch
Rollback + Reset,1,14,0.2863054076830546,0.3155812170977394,0.27831866436948377,0.03726255272825563
Rollback + Reset,1,18,0.27831866436948377,0.2855183345576127,0.2714344657336672,0.014083868823945522
Rollback + Reset,1,22,0.2714344657336672,0.2750194038574894,0.2712273985768358,0.0037920052806535987
Rollback + Reset,1,26,0.2712273985768358,0.27313662754992646,0.2708973027765751,0.00223932477335137
Rollback + Reset,2,14,0.3033867630486687,0.3441052194684744,0.27798918665697175,0.06611603281150263
Rollback + Reset,2,18,0.27798918665697175,0.2964272126555443,0.27735790610313416,0.019069306552410126
Rollback + Reset,2,23,0.27578520495444536,0.27695874962955713,0.2761811787883441,0.0007775708412130489
Rollback + Reset,2,26,0.27578520495444536,0.2785180378705263,0.27592577288548154,0.0025922649850447788
Rollback + Reset,3,9,0.3147690153370301,0.33202322324117023,0.294930562376976,0.037092660864194216
Rollback + Reset,3,14,0.28484894211093587,0.2881070226430893,0.27655636829634506,0.011550654346744238
Rollback + Reset,3,19,0.2748595628266533,0.2776617178072532,0.2753620399162173,0.002299677891035856
Rollback + Reset,3,22,0.2748595628266533,0.27482887854178745,0.27390841736147803,0.0009204611803094176
Rollback + Reset,4,14,0.28947208169847727,0.30380973623444635,0.28150694134334725,0.022302794891099098
Rollback + Reset,4,18,0.28150694134334725,0.2866420630986492,0.276931816401581,0.009710246697068214
Rollback + Reset,4,22,0.276931816401581,0.2795960195362568,0.27552501298487186,0.004071006551384926
Rollback + Reset,4,27,0.27457328233867884,0.2766277551030119,0.2763928373654683,0.00023491773754358292
Rollback + Reset,5,11,0.29726590868085623,0.312723470851779,0.2868375948940714,0.025885875957707583
Rollback + Reset,5,18,0.2858264073729515,0.2978841168805957,0.2827507670347889,0.015133349845806776
Rollback + Reset,5,22,0.2827507670347889,0.28943099671353895,0.2821705232684811,0.007260473445057869
Rollback + Reset,5,26,0.2821705232684811,0.28475641428182524,0.2832436189055443,0.001512795376280962
Rollback + Reset,6,15,0.2960412437096238,0.31525927626838285,0.28123238279173773,0.034026893476645115
Rollback + Reset,6,19,0.28123238279173773,0.2891878072793285,0.2778855850920081,0.01130222218732041
Rollback + Reset,6,23,0.2778855850920081,0.2819543903072675,0.2787490726138155,0.0032053176934520033
Rollback + Reset,6,26,0.2778855850920081,0.27999703244616586,0.27689391064147156,0.0031031218046942977
Rollback + Reset,7,8,0.3119421073546012,0.3262373199686408,0.29576067502299946,0.03047664494564134
Rollback + Reset,7,14,0.2815945151572426,0.28196823317557573,0.27310546456525725,0.008862768610318483
Rollback + Reset,7,19,0.272427078957359,0.2742270262291034,0.2719121988241871,0.0023148274049162865
Rollback + Reset,7,23,0.2719121988241871,0.2737910912061731,0.27142666932195425,0.0023644218842188702
Rollback + Reset,8,17,0.3018876515949766,0.3128153619666894,0.2876790690546234,0.025136292912065983
Rollback + Reset,8,22,0.2872045859694481,0.2936815321445465,0.28290124734242755,0.010780284802118956
Rollback + Reset,8,26,0.28290124734242755,0.29268902633339167,0.284802109003067,0.00788691733032465
Rollback + Reset,8,29,0.28290124734242755,0.28419625759124756,0.28337270983805257,0.0008235477531949864
Rollback + Reset,9,11,0.31187497172504663,0.3388506369665265,0.2840927218397458,0.05475791512678069
Rollback + Reset,9,18,0.2815615177775423,0.29588708591957885,0.2790760397911072,0.016811046128471674
Rollback + Reset,9,22,0.2790760397911072,0.28304164856672287,0.27753635744253796,0.005505291124184908
Rollback + Reset,9,26,0.27753635744253796,0.2781288269907236,0.27822590712457895,-9.708013385534286e-05
Rollback + Reset,10,10,0.29839313340683776,0.3235433775310715,0.27364198428889114,0.04990139324218035
Rollback + Reset,10,14,0.27364198428889114,0.278391744941473,0.2736659835403164,0.004725761401156603
Rollback + Reset,10,17,0.27364198428889114,0.2739290414998929,0.27049006180216867,0.0034389796977242204
Rollback + Reset,10,22,0.27025261893868446,0.2721401673431198,0.2699065040796995,0.0022336632634202824
Rollback + Retain,1,12,0.30058655484269065,0.31738746383537847,0.27919686927149695,0.03819059456388152
Rollback + Retain,1,18,0.2773022859667738,0.2911982585986455,0.27390245099862415,0.017295807600021362
Rollback + Retain,1,22,0.27390245099862415,0.27931088395416737,0.2743497208381693,0.004961163115998091
Rollback + Retain,1,28,0.2729704886053999,0.2753193046276768,0.2744038434078296,0.0009154612198472023
Rollback + Retain,2,16,0.301563766784966,0.3264970838402708,0.28847977332770824,0.038017310512562574
Rollback + Retain,2,21,0.2881956888983647,0.3046010971690218,0.2835694231713812,0.02103167399764061
Rollback + Retain,2,25,0.2835694231713812,0.2898405883461237,0.2838750270505746,0.005965561295549093
Rollback + Retain,2,28,0.2835694231713812,0.2865404402837157,0.283792644739151,0.002747795544564724
Rollback + Retain,3,12,0.2956299837678671,0.3066637748852372,0.2752188788726926,0.03144489601254463
Rollback + Retain,3,16,0.2752188788726926,0.28791223218043643,0.27237420498083037,0.015538027199606064
Rollback + Retain,3,21,0.2718794144069155,0.277229808891813,0.27061167173087597,0.00661813716093701
Rollback + Retain,3,25,0.27061167173087597,0.27294191531836987,0.27192755974829197,0.0010143555700778961
Rollback + Retain,4,14,0.29260504121581715,0.31914656919737655,0.2733212575937311,0.04582531160364545
Rollback + Retain,4,18,0.2733212575937311,0.2841286820669969,0.26857895217835903,0.015549729888637842
Rollback + Retain,4,22,0.26857895217835903,0.2734516703834136,0.26980978778253,0.003641882600883606
Rollback + Retain,4,25,0.26857895217835903,0.2712097214534879,0.2688579289242625,0.0023517925292253494
Rollback + Retain,5,12,0.29323753248900175,0.3147329827770591,0.28313738107681274,0.031595601700246334
Rollback + Retain,5,17,0.27899443358182907,0.29113584229101735,0.2746600089594722,0.016475833331545175
Rollback + Retain,5,22,0.2744217946504553,0.2796809266631802,0.2751824253549178,0.004498501308262348
Rollback + Retain,5,25,0.2744217946504553,0.2749980026856065,0.2752651417007049,-0.00026713901509839433
Rollback + Retain,6,11,0.29266289559503395,0.3143491999556621,0.2787180707479517,0.03563112920771039
Rollback + Retain,6,16,0.276466759853065,0.2898130239918828,0.2702499457324545,0.019563078259428324
Rollback + Retain,6,20,0.2702499457324545,0.2737173444281022,0.26975492139657337,0.003962423031528828
Rollback + Retain,6,24,0.26975492139657337,0.2715166049698989,0.27091422614951927,0.0006023788203796121
Rollback + Retain,7,11,0.3040514060606559,0.3061331569527586,0.28387239295989275,0.022260763992865862
Rollback + Retain,7,17,0.28100511338561773,0.2891813637688756,0.27802962095787126,0.01115174281100434
Rollback + Retain,7,21,0.27802962095787126,0.28127647781123716,0.27670339743296307,0.004573080378274086
Rollback + Retain,7,25,0.27670339743296307,0.2772219954058528,0.2774116812894742,-0.00018968588362139327
Rollback + Retain,8,11,0.2982925937200586,0.3085092393060525,0.27828415762633085,0.030225081679721655
Rollback + Retain,8,16,0.2743594565739234,0.2908285701026519,0.2746396300693353,0.016188940033316612
Rollback + Retain,8,19,0.2742799933378895,0.27662241893510026,0.2743686695272724,0.002253749407827854
Rollback + Retain,8,22,0.2742799933378895,0.27768233759949607,0.2761590288331111,0.0015233087663849565
Rollback + Retain,9,15,0.30079639609903097,0.32577102227757376,0.2763594227532546,0.04941159952431917
Rollback + Retain,9,19,0.2763594227532546,0.28616312208275,0.27519919102390605,0.010963931058843968
Rollback + Retain,9,23,0.27519919102390605,0.27943572122603655,0.27635433214406174,0.0030813890819748058
Rollback + Retain,9,26,0.27519919102390605,0.27568853584428626,0.27559287163118523,9.566421310103213e-05
Rollback + Retain,10,8,0.30903514722983044,0.3203789809097846,0.2970854689677556,0.023293511942029
Rollback + Retain,10,19,0.282629797856013,0.3088223459199071,0.2775246159483989,0.031297729971508204
Rollback + Retain,10,23,0.2775246159483989,0.2845882509524624,0.2769823723162214,0.007605878636240959
Rollback + Retain,10,27,0.2769823723162214,0.28008346321682137,0.2777232015505433,0.002360261666278063
