run,best_val_loss,best_epoch,epochs_trained,rollback_count,training_time_sec
1,0.2729704886053999,25,43,4,128.4707224369049
2,0.2835694231713812,22,43,4,130.6456322669983
3,0.27061167173087597,22,40,4,121.46553015708923
4,0.26857895217835903,19,40,4,122.00058054924011
5,0.2744217946504553,19,40,4,114.12017011642456
6,0.26975492139657337,21,39,4,117.22809076309204
7,0.27628827778001624,38,53,4,160.50867247581482
8,0.2743594565739234,13,37,4,109.51062822341919
9,0.27519919102390605,20,41,4,88.2494764328003
10,0.2769823723162214,24,42,4,77.10956621170044
